{"cameraMode":{"drawMode":0,"name":"Shaded","section":"Shading Mode"},"sceneLighting":false,"audioPlay":false,"sceneViewState":{"showFog":true,"showMaterialUpdate":false,"showSkybox":false,"showFlares":true,"showImageEffects":true,"showParticleSystems":true},"in2DMode":false,"pivot":{"x":-1.995363473892212,"y":0.8707534074783325,"z":3.8437366485595705},"rotation":{"x":0.7331128120422363,"y":0.00306043797172606,"z":-0.0032990253530442716,"w":0.6800928711891174},"size":0.8573654294013977,"orthographic":false}